[
	{
		"name": "FEATHER_EFFECT",
		"rotatable": false,
		"fp_offset_x": 30,
		"fp_offset_y": 54,
		"td_offset_x": 28,
		"td_offset_y": 38,
		"fp": [
			[
				{
					"file": "chicken_explode_fp/r1frame02.png"
				},
				{
					"file": "chicken_explode_fp/r1frame03.png"
				},
				{
					"file": "chicken_explode_fp/r1frame04.png"
				},
				{
					"file": "chicken_explode_fp/r1frame05.png"
				},
				{
					"file": "chicken_explode_fp/r1frame06.png"
				},
				{
					"file": "chicken_explode_fp/r1frame07.png"
				},
				{
					"file": "chicken_explode_fp/r1frame08.png"
				}
			]
		],
		"td": [
			[
				{
					"file": "chicken_explode_td/r1frame02.png"
				},
				{
					"file": "chicken_explode_td/r1frame03.png"
				},
				{
					"file": "chicken_explode_td/r1frame04.png"
				},
				{
					"file": "chicken_explode_td/r1frame05.png"
				},
				{
					"file": "chicken_explode_td/r1frame06.png"
				},
				{
					"file": "chicken_explode_td/r1frame07.png"
				},
				{
					"file": "chicken_explode_td/r1frame08.png"
				}
			]
		]
	}
]